Wall time,Step,Value
1526280849.803754,0,0.0010844237403944135
1526281284.1029093,5781,1.0
1526281899.906084,12502,1.0
1526282512.2701979,19277,1.0
1526283122.3549442,26067,1.0
1526283676.450698,32703,1.0
1526284292.2480953,39467,1.0
1526284903.7174282,46302,1.0
1526285513.9775307,53170,1.0
1526286124.196293,59982,1.0
1526286678.7506304,66781,1.0
1526287292.371937,73556,1.0
1526287904.1899405,80359,1.0
1526288516.7014978,87194,1.0
1526289129.01374,93901,1.0
