Wall time,Step,Value
1526280849.8034384,0,2.0352505089249462e-05
1526281284.1027284,5781,1.0
1526281899.9052985,12502,1.0
1526282512.268913,19277,1.0
1526283122.3543072,26067,1.0
1526283676.448622,32703,1.0
1526284292.2478805,39467,1.0
1526284903.7171595,46302,1.0
1526285513.9772525,53170,1.0
1526286124.1960952,59982,1.0
1526286678.7504444,66781,1.0
1526287292.3702292,73556,1.0
1526287904.1895723,80359,1.0
1526288516.7013514,87194,1.0
1526289129.013495,93901,1.0
