Wall time,Step,Value
1526280849.8032258,0,0.7008293271064758
1526281284.102423,5781,0.3203847110271454
1526281899.9047287,12502,0.3265116214752197
1526282512.2687871,19277,0.32774195075035095
1526283122.3538098,26067,0.3241714537143707
1526283676.4297013,32703,0.32600387930870056
1526284292.2472675,39467,0.3292967677116394
1526284903.7170136,46302,0.3316597044467926
1526285513.9771216,53170,0.33065474033355713
1526286124.1960123,59982,0.3301661014556885
1526286678.7503626,66781,0.329811692237854
1526287292.3698359,73556,0.3281179666519165
1526287904.1893148,80359,0.3283495008945465
1526288516.7012699,87194,0.3287903070449829
1526289129.0134234,93901,0.32942304015159607
