Wall time,Step,Value
1528446807.7642152,100000,0.7195764183998108
