Wall time,Step,Value
1528447267.77109,100000,0.14780457317829132
