Wall time,Step,Value
1528446861.26359,100000,0.7788755893707275
