Wall time,Step,Value
1528448832.069722,100000,0.7300290465354919
