Wall time,Step,Value
1528448734.6471262,100000,0.8081074953079224
